     Demographics ,gender,age,Eye (laterality) right OD/ left OS,Visual Acuity ,Uncorrected (VA-Dt) pre-op ,Un corrected VA-Dt post op 1 month,Uncorrected VA-Dt post op 6 months ,Uncorrected VA-Dt post op 12 month,corrected (VA-Dt) pre-op ,corrected VA-Dt post op 1 month,corrected VA-Dt post op 6 months ,corrected VA-Dt post op 12 month,Refraction ,pre-op_sphere diopters,preop_cylinder Diopters,pre-op_mrse Diopters,postop_sphere after 1 month ,postop_cylinder after 1 month ,postop_mrse after 1 month ,postop_sphere after 6 months ,postop_cylinder after 6 months,postop_mrse after 6 months ,postop_sphere after 12 months ,postop_cylinder after 12 months,postop_mrse after 12 months ,Topography ,preop_k1 diopters ,preop_k2 diopters ,preop_kmax diopters ,Preop-thinnest loca,Preop-PAD-d,postop_k1,postop_k2,postop_kmax,Post op-thinnest loca,Post op - Pad d ,treatment_details,treatment_details PreOp (TG-PRK+ACXL) vs (ACXL alone),Amsler-Krumeich Classification ,Safety/Haze,Haze_Present post op ( yes/No) 
قسم م.أحمد حجازي ,,,,,,,,,,,,,,,,,,,,,,,,,,,,,,,,,,,,,,,,,
,Male,30 y,Left,,20/40,20/25,20/25,20/400,-,-,-,-,,-2,-3.5,,-2,-3.5,-,-2.5,-5,-,-,-,-,,41.7,46.8,52.2,441,5.18,41.7,47.9,52.3,471,5.26,,CXL only,-,,No
,Male,25 y,Right,,20/25-1,20/20,20/30,-,,-,-,-,,-0.5,-1.5,,-3,-1.75,-,-1.75,-1.5,-,-1.5,-2.25,-,,41.2,43.1,49.2,455,-,41,42.7,47.3,483,-,,CXL only,-,,No
,Male,23 y,Right,,20/160,20/300,20/300,-,,-,-,-,,-1.75,-4,,-2.5,-4,-,-,-,-,-,-,-,,43.8,45.7,49.3,468,-,45,47.1,53.8,451,-,,CXL only,-,,No
,Male,43 y,Left,,20/60-1,,-,-,20/40,20/40,20/25-2,20/30-,,-2.5,-3,,-2.75,-4.50,-,-2.75,-4,-,-2,-6.5,-,,40.8,45.9,54.2,410,0.62,39.9,46,56.3,412,3.82,,CXL only,-,,No
,Female,24 y,Right,,20/60,20/40,20/40,20/50-,-,-,-,-,,-8.25,-3.5,-10,-,-,-,-,-,-,-,-,-,,51.5,54.4,62.9,451,12.71,51.7,54.5,60.2,391,14.77,,CXL only,-,,Mild haze
,Male,19 y,Right,,20/60-2,-,-,-,-,-,-,-,,-1.25,-2.75,-2.625,-,-,-,-,-,-,-,-,-,,49.3,49.8,54.8,462,-,49.3,49.5,55,453,-,,CXL only,-,,No
,Male,20 y,Left,,20/400,-,-,-,20/25,-,-,-,,-1.5,-2.5,-2.75,-,-,-,-,-,-,-,-,-,,42.5,45.5,50.7,469,-,42.9,45.8,50.6,461,-,,CXL only,-,,No
,Female,29 y,Left,,20/200+,-,-,-,-,-,-,-,,-1.75,-4.5,-4,-,-,-,-,-,-,-,-,-,,49.4,57.5,65.5,451,-,49.8,57.1,62.9,451,-,,CXL only,-,,No
,Male,24 y,Left,,20/50,-,-,-,-,-,-,-,,-2,-3,-3.5,-,-,-,-,-,-,-,-,-,,45.6,49.3,55,464,-,46.2,48.3,53.1,456,-,,CXL only,-,,Mild nasal haze
,Female,31 y,Right,,20/125,-,-,-,-,-,-,-,,-1.75,-4.5,-4,-,-,-,-,-,-,-,-,-,,42.9,46.1,51.6,472,6.34,55.7,63.5,79.2,441,-,,CXL only,-,,Haze centrally
,Female,24 y,Left,,20/70,-,-,-,-,-,-,-,,-0.5,-0.5,-0.75,-,-,-,-,-,-,-,-,-,,43.1,43.3,47.7,457,-,42.2,43.2,47.8,449,-,,CXL only,-,,No
,Male,22 y,Right,,20/60-,-,-,-,20/25,-,-,-,,-4,-2.5,-5.25,-,-,-,-,-,-,-,-,-,,44.9,46.8,49.2,495,-,43.7,45.9,46.9,482,-,,CXL only,-,,No
,Male,20 y,Right,,20/30,-,-,-,-,-,-,-,,-3.5,-4,-5.5,-,-,-,-,-,-,-,-,-,,42.5,47.4,55.9,524,-,43,48.2,57.3,507,-,,CXL only,-,,No
,Female,32 y,Right,,20/40,-,-,-,-,-,-,-,,-,-,-,-,-,-,-,-,-,-,-,-,,43.6,46.5,51.3,494,-,43.3,46.8,53,477,-,,CXL only,-,,-
,Male,22 y,Right,,20/125,-,-,-,-,-,-,-,,-,-,-,-,-,-,-,-,-,-,-,-,,51.4,56.2,65.8,433,-,52.2,57.4,62.1,403,-,,CXL only,-,,No
,Female,19 y,Right,,20/400,-,-,-,-,-,-,-,,-5.5,-7.5,-9.25,-,-,-,-,-,-,-,-,-,,48.1,54.8,60.1,402,-,48.1,55.9,61.2,386,-,,CXL only,-,,Central corneal haze
,Male,29 y,Left,,20/30,-,-,-,20/20,-,-,-,,1.75,-3,0.25,-,-,-,-,-,-,-,-,-,,39.2,40.6,45.6,478,-,37.6,41,46.8,501,-,,CXL only,-,,No
,Male,17 y,Left,,20/40,-,-,-,-,-,-,-,,-,-,-,-,-,-,-,-,-,-,-,-,,37.6,41.2,49.5,557,-,36.5,41.2,44.7,561,-,,CXL only,-,,Haze peripherally
قسم م.مصطفى ,,,,,,,,,,,,,,,,,,,,,,,,,,,,,,,,,,,,,,,,,
,Male,46y,Left,,20/100,20/25-1,20/20,20/30,-,-,-,-,,-2.75,-0.75,-3.12,Pl,-1.00,-0.5,0.25+,-0.50,0,0.25+,-0.50,0,,44.6 D,45.5 D,46.0 D,514 μm,-,-,-,-,-,-,,PRK with CXL,1,,No haze
,Male,35y,Right,,20/200,20/80,20/50-1,20/80,-,-,-,-,,1.00,-5.00,1.50,1.25+,-5.00,-1.25,-1.25,-4.50,-3.50,-2.00,-3.50,-3.75,,42.1,48.4,54.0,454,-,39.3,44.1,50.3,430,-,,PRK with CXL,2,,No haze
,Male,42y,Right,,20/125-1,20/80-,20/80-2,-,-,-,-,-,,-1.00,-5.00,-3.50,-2.50,-5.00,-5,-2.50,-5.00,-5,-1.25,-5.50,-4,,42.8 D,52.4 D,55.8,448,-,39.9 D,50.4 D,51.3 D,349 μm,-,,PRK with CXL,3,,No haze
,Male,37y,Left,,20/50,25/25-1,20/40,-,-,-,-,-,,-2.25,-2.50,-3.50,-1,-2,-2,0.25,-2.50,-1,-,-,-,,41.4,45.2 D,53.1 D,475 μm,-,39.9,42.6 D,49.5 D,419 μm,-,,PRK with CXL,2,,mild old haze
,Male,24y,Left,,20/100,20/25,20/30,20/30+2,-,-,-,-,,-0.75,-3.75,-2.62,Pl,-2,-1,-,-,-,-,-,-,,42.0 D,46.5 D,52.0 D,400 μm,-,38.4 D,41.6 D,46.3 D,345 μm,-,,PRK with CXL,2,,No haze
,Male,40y,Left,,20/100+2,20/70,20/25-2,20/125,,-,,-,,0,-4.25,-2.12,1.50+,-2.25,0.375+,-,-,-,-,-,-,,42.3 D,45.2 D,-,-,-,39.6 D,41.8 D,45.9 D,476 μm,-,,PRK with CXL,1,,No haze
,Male,38y,Right,,20/60,20/80+2,20/50+,-,-,-,-,-,,0,-6.00,-3.00,-1.25,-4.00,-3.250,-,-,-,-,-,-,,50.4 D,52.9 D,57.1 D,482 μm,-,48.1 D,52.5 D,56.3 D,441 μm,-,,PRK with CXL,2,,Haze ++
,Female,29y,Right,,20/40,20/80,20/80-2,20/60,-,-,-,-,,-1.00,-4.00,-3.00,-0.50,-5.00,-3.00,-0.50,-5.00,-3,-0.50,-1.50,-1.25,,44.5 D,49.1 D,50.6 D,386 μm,-,43.8,49.0 D,50.0,377,-,,PRK with CXL,3,,Mild haze
,Male,28y,Left,,4/200,20/160,20/125,-,-,-,-,-,,-0.25,-4.25,-2.38,-,-3.00,-1.5,-,-,-,-,-,-,,43.4 D,48.3 D,51.9 D,484,-,42.5 D,46.4 D,49.3 D,463 μm,-,,PRK with CXL,2,,No haze
,Male,27y,Left,,20/20-2,20/20,20/25,20/32,-,-,-,-,,0,-2.50,-1.25,0,-3.50,-1.75,Pl,-3.50,-1.75,0,-3.50,-1.75,,42.4 D,46.1 D,51.0 D,400 μm,-,41.3 D,45.4 D,47.3 D,443 μm,-,,PRK with CXL,1,,No haze
,Male,30y,Right,,20/50-2,20/25,20/30+2,20/300,-,-,-,-,,-1.75,-1.25,-2.38,-2.00,-,-2,-,-,-,-,-,-,,42.8,44.6,45.7,527,-,41.7,42.9,43.8,491,-,,CXL with PTK,2,,No haze
,Male,35y,Right,,20/160,20/100+2,20/50,20/50,-,-,-,-,,-1.00,-7.25,-4.62,-0.25,-7,-3.75,-1.25,-4.50,-3.5,-,-,-,,45.2,51.7 D,55.2 D,510 μm,-,45.0 D,51.5 D,55.0 D,517 μm,-,,PRK with CXL,2,,No haze
,Male,38y,Right,,20/100,20/30,20/100,-,-,-,-,-,,3.50,-8.50,-0.75,3.59+,-8.00,-0.410,-,-,-,-,-,-,,38.5,47.9,55.6,476,-,38.8,48.5,55.1,480,-,,CXL only,3,,No haze
,Male,19y,Right,,20/50,20/30,20/40,20/25,-,-,-,-,,2.00,-4.00,0.00,1,-5.50,-1.75,-0.50,-4.00,-2.5,-,-,-,,44.9 D,51.7 D,57.4 D,484 μm,-,44.2 D,51.4 D,56.7 D,480 μm,-,,CXL only,2,,No haze
,Female,22y,Right,,20/40+1,20/50+1,20/24,20/40,-,-,-,-,,0.75,-4.50,-1.50,-0.75,-4.50,-3.00,-,-,-,-,-,-,,61.2 D,66.7 D,80.4 D,407 μm,-,60.7 D,66.1 D,82.1,384 μm,-,,CXL only,4,,No haze
,Female,29y,Right,,20/30+,20/30,20/25-2,20/40,-,-,-,-,,-1.25,-4.75,-3.62,-2,-3,-3.500,-,-,-,-,-,-,,43.2 D,50.0 D,54.9 D,471 μm,-,43.2 D,49.8 D,54.6 D,473 μm,-,,CXL only,2,,No haze
,Male,36y,Left,,20/25,20/30+2,20/20-2,-,-,-,-,-,,0.25,-2.50,-1.00,0.50+,-3,-1.00,0.50+,-2.75,-0.875,-,-,-,,40.6 D,44.9 D,48.7 D,517 μm,-,39.7 D,43.7 D,46.9 D,516 μm,-,,CXL only,1,,Mild haze
,Female,34y,Left,,20/100-1,20/80-2,20/200,20/250,-,-,-,-,,-3.50,-6.00,-6.50,-2.50,-4.50,-4.750,-,-,-,-,-,-,,46.6,52.3,62.2,465,-,46.3,53.3,62.6,475,-,,CXL only,2,,Mild central haze
قسم .ريناد الشهري ,,,,,,,,,,,,,,,,,,,,,,,,,,,,,,,,,,,,,,,,,
,Male,29 y,Left,,20/160,20/60,20/300,20/160,-,-,-,-,,-1.00,-4.00,-3,-4.50,-2.25,-5.625,-4.00,-2.75,-5.375,-,-,-,,43.5,46.9,48.7,460,-,42.3,45.3,47.2,442,-,,PRK with CXL,2,,No
,Male,33 y,Right,,20/250+,20/200+1,20/80-2,20/100,-,-,-,-,,-2.50,-4.50,-4.75,-4.00,-3.50,-5.75,-2.25,-3.25,-3.875,-,-,-,,48.1,50.1,56.1,476,-,48.0,48.3,51.3,444,-,,PRK with CXL,2,,Haze margin 
,Male,27 y,Left,,20/50,20/20-1,20/30,20/30-2,-,-,-,-,,-0.25,-4.00,-2.25,pL,-3.00,-1.50,PL,-2.75,-1.375,-0.25,-3.00,-1.75,,41.6,43.0,43.4,467,-,42.0,43.1,43.5,466,-,,PRK with CXL,2,,Faint central haze
,Femal,33 y,Left,,20/60,20/25,20/20-2,20/25,-,-,-,-,,-1.75,-1.25,-2.375,0.25 +,-1.50,-0.50,-,-,-,-,-,-,,42.9,45.1,49.0,474,-,43.7,44.7,45.3,488,-,,PRK with CXL,2,,No haze
,Femal,32,Right ,,20/50,20/40,20/63,-,-,-,-,-,,-1.25,-2.25,-2.375,-1.75,-2.00,-2.75,-,-,-,-,-,-,,44.7,48.1,53.7,481,-,44.3,48.1,53.2,455,-,,PRK with CXL,2,,No haze
,Male,38,Right,,20/80,20/40,20/80,20/50,-,-,-,-,,4.75+,-1.00,4.25+,2+,-1.00,1.50+,2.50+,-,-,2.50+,-,-,,38.2,38.4,43.7,421,-,34.9,37.0,42.1,349,-,,PRK with CXL,2,,Central haze
,Male,34y,Left,,20/300,20/30,20/100,-,-,-,-,-,,-2.50,-4.50,-4.75,-2.00,-2.00,-3.00,-4.50,-3.25,-6.125,-,-,-,,47.1,49.1,54.4,486,-,47.0,47.7,51.3,470,-,,PRK with CXL,3,,No haze
,Femal ,52,Right,,20/400,20/400+1,20/100,20/160,-,-,-,-,,0.25+,-3.00,-1.25,PL,-2.00,-1.00,-1.00,-2.00,-2.00,-,-,-,,47.5,50.0,59.3,470,-,48.5,47.4,53.4,419,-,,PRK with CXL,2,,Central mild haze
,Male,38y,Right,,20/60,20/80+2,20/70,-,-,-,-,-,,PL,-6.00,-3.00,-1.50,-4.00,-3.50,-,-,-,-,-,-,,50.4,52.9,57.1,484,-,48.1,52.5,56.3,441,-,,PRK with CXL,2,,Haze ++
,Male,42y,Left,,20/25-,20/80-2,20/50,-,-,-,-,-,,-1.00,-1.25,-1.625,1.75+,-1.50,1.00+,-,-,-,-,-,-,,41.9,43.5,51.3,545,-,38.7,40.8,46.7,472,-,,PRK with CXL,1,,No haze
,Femal,49 y,Right ,,20/60-2,20/125,20/40,-,-,-,-,-,,-4.00,-3.50,-5.75,-4.00,-2.75,-5.375,-,-,-,-,-,-,,43.7,45.5,48.8,451,-,42.9,45.1,47.0,414,-,,PRK with CXL,2,,No haze
,Male ,25y,Right,,20/125-1,20/50,-,-,-,-,-,-,,1.00+,-5.50,-1.75,-2.25,-2.00,-3.25,-,-,-,-,-,-,,40.2,45.3,51.0,540,-,41.2,44.7,46.5,483,-,,PRK with CXL,2,,No haze
,Femal,43y,Right,,20/500,CF,HM,-,-,-,-,-,,-1.00,-4.50,-3.25,-0.50,-5.00,-3.00,-,-,-,-,-,-,,44.8,48.8,51.2,484,-,43.3,49.4,52.4,455,-,,PRK with CXL,2,,No haze
,Femal,29y,Left,,20/60,20/25,20/20,20/20,-,-,-,-,,-1.50,-3.50,-3.25,-1.50,-1.00,-2.00,-,-,-,-,-,-,,40.6,42.5,44.0,417,-,40.9,42.5,44.2,455,-,,PRK with CXL,2,,Mild haze
,Male,35y,Left,,20/25-1,20/20,20/30-1,20/50+2,-,-,-,-,,-1.00,-3.00,-2.50,-1.50,-4.00,-3.50,-1.00,-4.50,-3.25,-1.50,-4.00,-3.50,,41.8,44.5,54.1,471,-,43.2,43.7,51.7,469,-,,PRK with CXL,2,,Minimal haze +1
,Femal,31y,Left,,20/50,20/30,20/30,20/50-1,-,-,-,-,,-0.25,-2.25,-1.375,-0.25,-2.25,-1.375,-,-,-,-,-,-,,45.5,48.0,50.4,500,-,45.6,47.7,49.6,506,-,,CXL,1,,No haze
,Femal,28y,Right,,20/25,20/30+2,20/40,20/63-1,-,-,-,-,,-2.00,-1.50,-2.750,-3.50,-2.25,-4.652,-,-,-,-,-,-,,48.0,50.6,60.2,446,-,48.1,50.4,59.7,463,-,,CXL,4,,Central haze
,Male,20y,Left,,20/80,20/80,20/60+1,-,20/20,20/20,20/20,-,,-2.50,-,-,-2.25,-,-,-2.25,-,-,-2.25,-0.75,-2.625,,40.0,44.4,43.9,513,-,39.8,41.5,43.7,512,-,,CXL,3,,No haze
,Male,25y,Left,,20/60,20/63+2,20/63,-,-,-,-,-,,-1.75,-2.75,-3.125,-1.00,-,-,-,-,-,-,-,-,,44.4,49.1,62.2,439,11.79,48.6,52.6,65.8,411,15.45,,CXL,4,,Mild haze
,Male,19 y,Left,,-,20/60,20/160-1,20/125,-,-,-,-,,-3.00,-4.00,-5.00,-5.50,-3.50,-7.250,-6.25,-4.50,-8.5,-,-,-,,46.3,54.1,58.8,452,-,46.4,55.3,59.7,456,-,,CXL,4,,Mild haze nasally 
,Femal,29y,Left,,20/40,20/60-1,20/40-1,-,-,-,-,-,,Pl,-2.50,-1.250,-0.50,-2.50,-1.750,-,-,-,-,-,-,,46.0,47.9,53.8,407,-,44.7,46.2,52.2,401,-,,CXL,4,,No haze
,Male,25y,Left,,20/300,20/160,20/160,20/200,-,-,-,-,,-2.75,-5.50,-5.500,-2.25,-4.50,-4.500,-2.50,-6.00,-5.50,-2.50,-5.50,-5.25,,56.9,62.3,59.5,414,-,57.1,61.3,70.3,429,-,,CXL,4,,No haze
قسم .شوق القرعاوي ,,,,,,,,,,,,,,,,,,,,,,,,,,,,,,,,,,,,,,,,,
,Male,35y,Left,,20/40+1,20/25,20/30-2,-,20/30,20/20,20/25+1,-,,-0.25,-2.75,-1.625,0.25+,-2.75,-1.125,-,-,-,-,-,-,,44.4 D,48.4 D,51.8 D,472 μm,-,44.5 D,48.2 D,50.9 D,482 μm,-,,CXL only,1,,Mild haze
,Male,21y,Right,,20/50,20/30,20/40-1,20/63-2,-,-,-,-,,PL,-6.75,-3.375,-1.75,-4.00,-3.75,-1.00,-5.50,-3.75,-1.25,-6.00,-4.25,,42.6 D,49.1 D,57.6 D,475 μm,07.06,42.7 D,50.0 D,60.2 D,467 μm,-,,CXL only,1,,Mild haze
,Female ,26y,Left,,20/25-2,20/25-2,20/25-1,-,-,-,-,-,,-1.00,-1.50,-1.75,-0.50,-4.00,-2.50,-,-,-,-,-,-,,43.9 D,48.6 D,52.9 D,487 μm,-,45.1 D,50.9 D,58.1 D,475 μm,-,,CXL only,1,,Haze +1
,Female ,24y,Left,,20/40-1,20/125,20/40+2,20/40-2,-,-,-,-,,-,-,-,-,-,-,-,-,-,-,-,-,,50.3 D,54.2 D,64.7 D,394 μm,-,51.1 D,55.1 D,66.5 D,394 μm,-,,CXL only,2,,No haze 
,Male,35y,Left,,20/25-1,20/20,20/50+2,-,20/30-2,20/50,20/40,-,,-1.00,-3.00,-2.50,-1.50,-4.00,-3.50,-1.50,-4.50,-3.75,-1.50,-4.00,-3.50,,41.8 D,44.5 D,54.1 D,471 μm,-,41.8 D,44.3 D,53.9 D,464 μm,-,,PRK with CXL,1,,Minimal haze +1
,Female ,36y,Right,,20/50-2,20/60,20/60,20/60,-,-,-,-,,2.00+,-4.00,0.00,3.00+,-5.00,0.50+,2.00+,-4.50,-0.25,2.00+,-4.50,-0.25,,49.9 D,54.4 D,63.7 D,411 μm,-,47.4 D,52.9 D ,62.0 D,418 μm,-,,CXL only,2,,Mild haze
,Male,22y,Right,,20/100,20/160,20/400,-,-,-,-,-,,-16.00,-6.00,-19.00,-12.25,-4.00,-14.25,-,-,-,-,-,-,,55.0 D,58.5 D,63.9 D,412 μm,-,54.2 D,57.6 D,62.6 D,412 μm,-,,CXL only,4,,Mild haze
,Male ,23y,Left ,,20/60,20/100,-,-,20/60,20/25,-,-,,-0.75,-3.50,-2.50,-0.25,-4.00,-2.25,-0.75,-4.50,-3.00,-,-,-,,41.9 D,47.7 D,48.6 D,463 μm,-,41.5 D,47.2 D,47.5 D,466 μm,-,,CXL only,1,,No haze 
,Female ,16y,Right,,20/30-2,20/30-2,20/30,20/25,-,-,-,-,,-0.25,-5.25,-2.875,-1.00,-3.50,-2.75,-1.00,-3.50,-2.75,-,-,-,,41.6 D,47.2 D,48.9 D,490 μm,-,40.9 D,46.2 D,48.2 D,491 μm,-,,CXL only,1,,No haze 
,Male,25y,Right,,20/50-1,20/160+1,20/160,20/500,-,-,-,-,,1.75+,-4.00,-0.25,PL,-5.00,-2.50,PL,-6.00,-3.00,-0.50,-4.00,-2.50,,63.3 D,67.3 D,78.0 D,367 μm,-,61.7 D,71.9 D,84.1 D ,392 μm,-,,CXL only,4,,No haze 
,Female ,23y,Right,,20/100-1,20/100,-,-,-,-,-,-,,-3.00,-4.50,-5.25,-3.00,-4.50,-5.25,-,-,-,-,-,-,,47.4 D,51.2 D,56.8 D,451 μm,-,48.2 D,51.8 D,56.2 D,438 μm,-,,CXL only,2,,No haze 
,Male ,18y,Right,,20/40-1,20/50,20/80,20/80,-,-,-,-,,PL,-4.00,-2.00,0.50+,-4.00,-1.50,2.50+,-8.00,-1.50,-,-,-,,37.3 D,44.8 D,52.9 D,371 μm,-,40.5 D,48.5 D,57.4 D,447 μm,-,,CXL only,1,,No haze 
,Male,29y,Right,,20/80,20/32--,20/32-1,20/30,20/20,20/20-,20/20-,20/25,,-,-,-,-,-,-,-,-,-,-,-,-,,39.5 D,43.1 D,43.7 D,499 μm,1.19,39.3 D,42.6 D,42.8 D,486 μm,1.26,,CXL only,1,,Mild haze
,Male ,26y,Left,,20/160,20/80,20/50-2,20/80+,-,-,-,-,,PL,-5.50,-2.75,4.00+,-4.50,1.75+,-,-,-,-,-,-,,51.3 D,56.6 D,66.5 D,398 μm,-,52.1 D,56.9 D,65.2 D,387 μm,-,,CXL only,3,,No haze 
,Female ,37y,Right,,20/100-1,20/100-1,20/80+,20/125,-,-,-,-,,3.00+,-7.50,-0.75,3.00+,-8.00,-1.00,1.75+,-4.50,-0.50,5.00+,-2.00,4.00+,,59.7 D,62.5 D,96.8 D,434 μm,-,59.5 D,60.8 D,83.1 D,433 μm,-,,CXL only,4,,No haze 
,Male,23y,Left,,20/50+1,20/50,20/25-2,20/20-,-,-,-,-,,-2.50,-4.50,-4.75,-0.50,-4.00,-2.50,-0.75,-4.00,-2.75,-,-,-,,43.4 D,47.6 D,53.0 D,434 μm,-,43.0 D,48.5 D,53.6 D,427 μm,-,,CXL only,1,,Minimal haze 
,Male,47y,Right,,20/200,20/200,20/200+1,20/160,-,-,-,-,,1.50+,-4.50,-0.75,-1.00,-8.00,-5.00,1.00+,-4.00,-1.00,2.00+,-3.25,0.375+,,40.7 D,44.1 D,57.0 D,488 μm,10.97,43.1 D,49.4 D,61.9 D,370 μm,16.71,,CXL only,1,,No haze 
,Female ,23y,Left,,20/30,20/30,20/30,20/25,-,-,-,-,,PL,-1.00,-0.50,-0.50,-1.00,-1.00,-,-,-,-,-,-,,40.7 D,42.8 D,44.3 D,511 μm,-,40.7 D,43.1 D,45.4 D,500 μm,-,,CXL only,1,,Haze +1
,Male ,31y,Right,,20/20,20/50+1,20/20,20/25,-,-,-,-,,PL,-5.00,-2.50,-1.00,-1.00,-1.50,-,-,-,-,-,-,,45.6 D ,48.8 D,58.1 D,481 μm,-,45.2 D,49.2 D,58.5 D,488 μm,-,,CXL only,1,,No haze 
,Male ,38y,Left ,,20/50+2,20/30,20/50-2,-,-,-,-,-,,2.50+,-5.25,-0.125,2.00+,-4.00,0.00,2.50+,-5.00,0.00,-,-,-,,43.7 D,47.7 D,62.3 D,502 μm,-,42.8 D,47.5 D,62.8 D,494 μm,-,,CXL only,2,,Haze +2
,Female ,22y,Left,,20/25,20/20,20/25,-,-,-,-,-,,-1.75,-0.75,-2.125,-1.00,-1.00,-1.50,-,-,-,-,-,-,,41.2 D,44.4 D,47.6 D,445 μm,5.32,41.1 D,44.7 D,47.2 D,439 μm,6.12,,CXL only,1,,No haze 